category;summary;description
[All Projects] 7EI2PODHPN;Cz0u8KkXsI;atAXL7JblOWyR6AT0fDz
[All Projects] 8SDWVXXR6F;6mxqalS86D;RuuCvGIzFz7fNfgMbEJ1
[All Projects] a;sF1PHhT6qS;l9Lu1bmCzoTODE6HPKI9
[All Projects] app_14;SGaiPWKpe5;4CWb3QSzL5ijZ9BqIKGf
[All Projects] 4rw3rw;fJK4EoiOhs;KDwkYy4pETdziPV9Er5t
[All Projects] Apptest;aw52x73CC5;zQQQAsNthuOX52u8ML2l
[All Projects] asasasasa;tyHcnZ4wvo;WBU8zMywlZooYUAJZRR0
[All Projects] CJ7B6R79X0;ixbSh2g4vl;ZXoQMccEHWBdkFcZmPMQ
[All Projects] ddfs;hQBc1VV8oO;pkoNbi6P1lL8mLebdBsG
[All Projects] Desafio jMeter;in3e9kFE2N;6gr0u7V8QcHGNMOksxDV
[All Projects] DS2249OL;VAVzktemNb;HgPsL26Lpv6V3C7SdWDC
[All Projects] EP1539CF;NUkW2NltYh;4q7VNVxI5WzXoP7UEZK2
[All Projects] GB7066WS;LHcq3V5yxX;jJ0T9XVe1Xl1VfR8yL7r
[All Projects] General;7LW5tsKKm0;jVApuZ4DoWSq1FWiKgpo
[All Projects] HA8264LR;6qNPITsipP;XDAXlqtVcvaMIyZc55vf
[All Projects] PG9754ZM;nUX8B36t5H;Fe8N5kKDxyg8hQ856fGW
[All Projects] principado;jk8GrOlqKY;1M4oVbj02fQMAAKH10EU
[All Projects] Teste;83rRz7KWPh;bie9EkA2Z7hKJ6TZ9qBo
[All Projects] Teste Patrick;rgSEsP2Yq2;GQNqfkeD5N3XAWIfewUY
[All Projects] Teste Paulo;IBqrZjRR10;c88ARGxvZkGDfEAgfL0y
[All Projects] Teste Pieroni;0PGQm8ia2h;yLcEVxxBakmxYJVLobGd
[All Projects] Teste1;wVgAjHxaM0;dcQTbvX8iLPS3F8ARxFW
[All Projects] TesteCategoria;wTmRDUjvfH;jdvWUrR2D9VXH4GrvYJR
[All Projects] testee;ORKVR85K1q;VdtNHK92NrSQYsdz3Kee
[All Projects] TesteSayoan;VYpzcti7tp;hrVWJmXkFDvOEePdhgxE
[All Projects] UF4342MV;ZiY4mpHR5i;25rLVVfoWklL7qFXgJW1
